,AF3,F7,F3,FC5,T7,P7,O1,O2,P8,T8,FC6,F4,F8,AF4
0,-0.20056853826461216,0.3494281422177736,-0.6666904145267007,-0.18343605668292534,-0.3649891541866002,-0.1985499296233774,-0.07198741839506854,-0.10223305050052653,-0.06191050378350303,0.13738310702890177,0.018809455202689184,0.1188591158179209,0.23715773668108614,0.13227324148250427
1,0.7779549683963011,1.4173064275455505,-2.3658645150951654,0.10043942868636595,0.017364763179950077,-0.5174284355871803,-0.4512052107195556,0.8796460843900799,0.18354542376793734,0.7657827220269315,1.1994795177494701,-1.1929987810324676,1.7286579151440107,0.20691775525599282
2,1.6278066280397183,2.354462485698105,-3.944981885248308,0.3330746166196535,0.3531353435550903,-0.7931452456061023,-0.7878704036686024,1.7863895177755578,0.45625900098511046,1.3509138273847765,2.275740714574841,-2.4306491582331518,3.0942908547869403,0.25084228630945893
3,2.2279769121807145,3.045650475923158,-5.302240143968583,0.46813650021545633,0.6048708812810829,-0.974158696169275,-1.0316975476437735,2.5471133025619572,0.7506305544960992,1.8438058056999822,3.145663197678565,-3.507515574515491,4.202912390525564,0.22135840298535045
4,2.495643732053719,3.408749793878942,-6.342338296812092,0.47754472856624963,0.7494653806016113,-1.0198656011237437,-1.1425640646280781,3.107142679765377,1.0539201697642961,2.2057872874300273,3.732916906735393,-4.342022991973844,4.951832957332505,0.09254795388425995
5,2.3981654073407093,3.404620693314057,-6.982229311631029,0.3562721977021139,0.780420563491207,-0.9064533168635647,-1.095021163954408,3.433606272268973,1.346992336294852,2.4131257565829314,3.995931664866511,-4.86260678796773,5.27840150437085,-0.13807567608861895
6,1.9571646725323169,3.0406858863310924,-7.15815120827879,0.12334241859148344,0.7076846211041039,-0.6306155783986157,-0.8813242578764489,3.5179633411292226,1.6058255263561363,2.4591224475933395,3.931837152384315,-5.014063963299194,5.16596811130167,-0.4477576882935024
7,1.2442054323514595,2.367948370811389,-6.833300880567929,-0.18113854552872335,0.5551676078298411,-0.21064857694423167,-0.5126875969911902,3.3752110518207727,1.803676728856667,2.3534380170933145,3.574730702426195,-4.76465632735574,4.643620782621523,-0.7918852835201441
8,0.36892581177106826,1.4721402812776114,-6.005039349024739,-0.5024442662191154,0.3563559015018826,0.31520486810551807,-0.018617967346407863,3.0400559249952885,1.913788850083719,2.118954990986379,2.9887471971302864,-4.11287017009879,3.7800727045571265,-1.1118955278829163
9,-0.5383246429518342,0.4605463710288594,-4.7102288720880034,-0.7801588621793971,0.14870905247208163,0.8929342480811928,0.5556480445373607,2.5607992201496756,1.9124992840536155,1.7869308595893103,2.257221357554844,-3.092430473331383,2.6729442347051857,-1.346173153172676
10,-1.3464750073894838,-0.5533647888471985,-3.027284474939541,-0.9581597917397533,-0.032312258414267284,1.458916229386633,1.1534009887353038,1.9920029028506236,1.7825444667052344,1.3914787330936762,1.4698067144627194,-1.7741473622965795,1.4353015485030445,-1.4418417271856139
11,-1.943148604497877,-1.4651243163649883,-1.0738097560410265,-0.9940661803882332,-0.15869299645878432,1.9472654247767525,1.7120348201806175,1.3871245631659628,1.5162666655615615,0.964479471744731,0.7096600225494765,-0.2634690245742783,0.18158944157699955,-1.3651961523567777
12,-2.2505028742401394,-2.1920193482004904,1.0007430465409224,-0.866646925024848,-0.21397605679604104,2.2974805709060973,2.169416401130272,0.792225710898312,1.118335941872747,0.5318673582671818,0.04268437739205746,1.3068020828118205,-0.9850013579878618,-1.1088020548004212
13,-2.235179947622366,-2.6816697506207454,3.027181350569742,-0.5800024871125479,-0.19543713140164573,2.4614853025040557,2.470413421891313,0.24159683771985907,0.6075326243870984,0.11187644768513372,-0.4896184151905334,2.7883950654443934,-1.9821218120432784,-0.6939389653324299
14,-1.9110967585399565,-2.915429163501474,4.832413704355645,-0.1638426285175211,-0.11401821222621039,2.4092710563939117,2.5729000659518517,-0.24423564640404097,0.017128374376404732,-0.28463199747785917,-0.8728171059020529,4.032987124472443,-2.753857126134137,-0.16795618363263085
15,-1.3350083452302195,-2.9065052411300005,6.257259290686584,0.33020241544177265,0.007936740469812423,2.1325402069382813,2.4525892163865644,-0.6580766683519625,-0.6065154902355852,-0.6521131488612393,-1.1176658111737843,4.9093408510421765,-3.272127437699691,0.40293534148594645
16,-0.5959329830932336,-2.6935631741825774,7.173974338055058,0.8356787311224172,0.14075801593421197,1.6459887652527971,2.1061476832931856,-1.0035501805268525,-1.2073333555670556,-0.9872786323337647,-1.2543475255373682,5.319860726767784,-3.534399928874569,0.9440831748519396
17,0.19956125906161315,-2.33127096424097,7.50110698093734,1.28073166954222,0.2526698390879098,0.9861314423761487,1.5522298968432384,-1.2911503349319973,-1.7248519747782776,-1.2859491869896746,-1.3241186883957827,5.214135049481824,-3.5587356841239384,1.3841307982997162
18,0.943684124225962,-1.8796453211357655,7.213542983290139,1.5984333081617366,0.31530914927286285,0.2078329724530784,0.8302957729256843,-1.533662679253666,-2.10098909098045,-1.5407044380239847,-1.369951061546064,4.5973058285635515,-3.3774531272082244,1.6660152017220737
19,1.5427658854960096,-1.394104981733836,6.346208322510893,1.7364854576505262,0.3086588386177426,-0.6210562623336022,-0.002673486888611434,-1.7417818550064157,-2.287599676228749,-1.7399740892263416,-1.4277924839229421,3.5317638114017056,-3.0306696873332415,1.7553951782984056
20,1.9293694033269762,-0.9178463746876262,4.990750789356657,1.6648991845017989,0.22461196178510587,-1.4263792788852907,-0.8772208013561497,-1.920645822223721,-2.2537386061483002,-1.8688319670540048,-1.519822090067207,2.1315936139497924,-2.5607300411630347,1.64522713885028
21,2.0696110901065228,-0.4776003760235052,3.2854918687392147,1.3805838900463598,0.06860706742775129,-2.134970824837282,-1.7177046442244623,-2.067807832310405,-1.9914771489238186,-1.9113260197224342,-1.6506302976525804,0.5502394362801268,-2.0081316181543225,1.355943384148409
22,1.9650040034187537,-0.08312786783302596,1.399869881841757,0.9082495309381362,-0.1409179026005083,-2.681839916671172,-2.449217400093391,-2.1729159167561867,-1.5191792862180653,-1.8538062140528486,-1.8067071889445896,-1.0371483945215743,-1.4091233005054629,0.9314647016595269
23,1.6490361935214426,0.26989436422122326,-0.4846565423954113,0.29755654985593943,-0.37516496598645116,-3.0165330526982563,-3.0044812717496017,-2.219103619659738,-0.8814288077078256,-1.6884816389343693,-1.9590788189503172,-2.454451681222949,-0.7947828834608615,0.43194583336184633
24,1.1794741091103116,0.594526249839711,-2.1948193010430606,-0.3830386594704208,-0.5992985287654441,-3.108068342576036,-3.3301081844931386,-2.185848162035452,-0.1452700202056911,-1.4163930983598012,-2.0684778429693,-3.5457323814485817,-0.19114449927684515,-0.07540506511126825
25,0.627924861299557,0.9060458296287931,-3.5843342012870276,-1.0548657446054013,-0.7777832494042508,-2.9479739871869546,-3.391696474867072,-2.0528497938685843,0.6069909015360788,-1.0491254582584733,-2.092128533481354,-4.194063581145016,0.38012657756846707,-0.5259270115677385
26,0.06844757638484522,1.2156519765044929,-4.5489861610054545,-1.6388758366375744,-0.8799109878221304,-2.551142272027522,-3.1773532054998874,-1.8043482086233094,1.2875887470272525,-0.6088586493279964,-1.991085896197065,-4.335642397808294,0.9009502328465376,-0.8661210348965592
27,-0.433029736988938,1.525632703733601,-5.036249847741725,-2.065421936306631,-0.884653003084934,-1.9544085015721082,-2.699357147590529,-1.433230798715122,1.8143949611900048,-0.1266948574278236,-1.7370840375116219,-3.9674210432945807,1.3562283218428632,-1.060175876865573
28,-0.8270179934109145,1.8268877371733148,-5.0484306988041405,-2.2827182862943265,-0.7840689586525673,-1.2129714024523968,-1.9938036841762998,-0.9443078213624879,2.121724248543511,0.3604734686153212,-1.3179920733140622,-3.147338825424656,1.7335369726548049,-1.093720499611085
29,-1.0855028814645558,2.099200084501465,-4.639156559183011,-2.2629268836198397,-0.5847279802572063,-0.39497620831108066,-1.1181995964119236,-0.3562267490720318,2.1692569981219103,0.8140356661492292,-0.7412096991021957,-1.9871736425239466,2.0230792972754443,-0.9745705732267788
30,-1.2032856610167513,2.314109654854222,-3.903888722263715,-2.0051721113561687,-0.3069188041917976,0.42523001794588394,-0.14710773937866564,0.29834153579085776,1.9477316448248443,1.1980136232792846,-0.034619086962069445,-0.6389343902511736,2.2177708140755574,-0.730647053111326
31,-1.1957861176673583,2.439753946336424,-2.9658448981805923,-1.5352179551921512,0.018210227476091242,1.1745076177791929,0.8339175733195419,0.9744081757057533,1.4805319516573758,1.48301593397251,0.7549929729973558,0.7235236457318365,2.3133092846495455,-0.40556357292961354
32,-1.093967237787972,2.4466965379034966,-1.9592449346429812,-0.901986974695791,0.35310355526260045,1.7882378661100762,1.735715551832285,1.618201056160206,0.8209081810944965,1.6492261837364663,1.5658506607817186,1.9254436153091683,2.3081267667697567,-0.05257968432384503
33,-0.9374013565530612,2.3136205969182853,-1.0120433303054999,-0.1714910086659687,0.6591171147633745,2.216760868898118,2.473689415863783,2.1722406101630765,0.04522726750537077,1.688053752121537,2.3270149425985114,2.812196995083235,2.203211128580564,0.2722996281560621
34,-0.766677875128471,2.031835390973766,-0.23028113404051112,0.580968644932808,0.9018583732220867,2.430227694177467,2.9760998698429297,2.5814644535897124,-0.7567610937588145,1.6023225795479772,2.965513554945654,3.267956358703791,2.001881409611329,0.5173084616528967
35,-0.6163454437732167,1.6078016573769973,0.3141034818567905,1.2793168440091665,1.0557266678761912,2.421314020920312,3.1917266398786075,2.7997463353533774,-1.4932254475421352,1.4051209477801796,3.414052878471881,3.2298745321750273,1.7096673098445552,0.6412916602112712
36,-0.5094070918778273,1.0632697113545786,0.5906652674483319,1.8549035124970212,1.1069889682474086,2.2054725427193818,3.096101883004314,2.7960520135363116,-2.0815060401118712,1.1176373241462987,3.6185353501278015,2.6961656486346834,1.3344483209463545,0.6188731801351446
37,-0.45408550683744764,0.43306751655302284,0.6123306122472324,2.2534673382972823,1.054984504255846,1.8186785110467145,2.6955470554237504,2.5594474256403483,-2.457767534844446,0.766430474917829,3.5446127491679005,1.7271761391461935,0.8869443002212947,0.44395311186430014
38,-0.443200225511612,-0.23900917662578586,0.43172985191820173,2.4401662316981394,0.9113668214005591,1.3129141630927552,2.0283597766744617,2.102236187463286,-2.583796690777709,0.38061020645640714,3.182571770021522,0.43930926258103437,0.3815307999589454,0.13119720189376935
39,-0.45610784622005357,-0.9054458550322336,0.13259122550834818,2.402261060079284,0.6976091766593105,0.7499069969793367,1.1627096597836915,1.4606589194565915,-2.4501679749553436,-0.010661647756620422,2.549971124855649,-1.0075577268922664,-0.16279209390533067,-0.28467480980316817
40,-0.46280704353579954,-1.5204953902218874,-0.18265866487878382,2.1493395087324183,0.44126536469859273,0.19385003510873033,0.1911081147773974,0.692828346159693,-2.075572582183835,-0.3800844685881115,1.6916250627266327,-2.4278309018145756,-0.7215836137598161,-0.751838928319419
41,-0.42954613201625413,-2.045033946157461,-0.4075657886238978,1.7112422728866736,0.1716507910803003,-0.2960380721396528,-0.7783038078985599,-0.12611885770569306,-1.502679188229372,-0.7034662655715056,0.6767515429261609,-3.631256884399254,-1.264692332580247,-1.2064182983160139
42,-0.3251159290557081,-2.4501064420160263,-0.4468771867972043,1.1340763627326307,-0.0843368592554468,-0.6722274740452538,-1.632991767957593,-0.9113303479093795,-0.7913759892125161,-0.9604046924507395,-0.4066339819318822,-4.4450640736605385,-1.75693114445766,-1.5793104045044832
43,-0.12696567570709175,-2.7187679482383706,-0.23060287810224642,0.4748560277699334,-0.3056052695106863,-0.9040607689621107,-2.2687353204508964,-1.5773439376979652,-0.010559744472006267,-1.1346288911906381,-1.4597098710741498,-4.734850376793141,-2.1599973172394193,-1.8042616564347747
44,0.17367227678743427,-2.8461470456388405,0.27466929402507995,-0.20460031574856424,-0.4789824826551449,-0.9807805815356414,-2.602433035731649,-2.048033746988047,0.7702543126015993,-1.2142729717671001,-2.3825617226592937,-4.421970689742644,-2.4357333228489937,-1.826454770153739
45,0.568345426770858,-2.8379460247282937,1.0585214219224401,-0.8438626455064938,-0.5998186350175618,-0.9120348537839534,-2.58344476188727,-2.2662328278018697,1.488331960314826,-1.1923012115627247,-3.0846856616997442,-3.4954597428318834,-2.5505387040411724,-1.6106889312237551
46,1.0301567034790644,-2.70780589848792,2.0644673390782797,-1.3895483986751342,-0.6711008239966731,-0.7258039187052855,-2.2019038680431726,-2.201790552089268,2.093238797103661,-1.067178587195299,-3.4951460666734193,-2.0169807854356825,-2.480429572135921,-1.1481110220483328
47,1.515058850590805,-2.4740824747569143,3.1932274207832205,-1.7999137617984085,-0.701358171318965,-0.46402200006637156,-1.4926437291019858,-1.856904845461601,2.54997597826958,-0.843720542583579,-3.571164398989729,-0.11790374812892981,-2.215972999413698,-0.4604504257329401
48,1.965710996593085,-2.1566032522267533,4.311487270567737,-2.047984225996088,-0.7018295014436337,-0.17647299145490053,-0.5338186003364812,-1.2678209249984138,2.839648793192762,-0.5339126968133687,-3.303985127301364,2.011632563704831,-1.7661722923749648,0.3991378721282813
49,2.317644833809083,-1.7739136727042142,5.265535415017591,-2.123010195736015,-0.6834742784981567,0.086219827101085,0.560076701698376,-0.5023916155840463,2.957964364778356,-0.1574039333086822,-2.7211090527028645,4.140974540477686,-1.160399847020715,1.3491923116715705
50,2.507181994367794,-1.3413927586369132,5.898598625828882,-2.0302256672015337,-0.6544091857427607,0.27956186641736974,1.6503487881768513,0.3464950637244204,2.912145927308643,0.2586348447940097,-1.884387038192797,6.022960699599111,-0.4476853682302287,2.287120456499015
51,2.4802623275981523,-0.8704472097964908,6.0701776848405125,-1.7890681149811642,-0.6182474263866151,0.3711739939567041,2.59022761453061,1.1710620796912243,2.717020952881002,0.680528072224444,-0.8839789972214411,7.421338538897914,0.30695488009687516,3.0999569903730917
52,2.2011245663494883,-0.36880822644963845,5.6752993340764535,-1.4301647371037134,-0.5736260257520701,0.34500487245364664,3.243147499120474,1.8612846344528544,2.3910765007264665,1.0701017444769625,0.1712677025191436,8.138665821832053,1.0289784075157853,3.67765282982803
53,1.6596683931573328,0.15821636518439772,4.661408826021866,-0.9914901546080418,-0.5149653457246472,0.20323326250126636,3.5009314222366843,2.3185400124662947,1.9531858290176543,1.3876253710097894,1.1659620948194276,8.041487488555099,1.642893755189537,3.927355666500193
54,0.8763585970803345,0.7058191531274978,3.04068654553827,-0.5141470347958002,-0.43426053051427205,-0.03434571914407948,3.2994708992555846,2.468552599872868,1.4205226406989289,1.5954689672204905,1.9913995953880919,7.079666823870946,2.0818544970575976,3.7868322651209776
55,-0.09627092777371175,1.267471192296538,0.8959067711415178,-0.03821629393957137,-0.32350399913779015,-0.3333033718695081,2.6296678657188632,2.271920278818078,0.8079317144579673,1.6621186257414808,2.5582539354084157,5.297230509455854,2.296901574468043,3.235119222738176
56,-1.176102245158946,1.8328019865964376,-1.6214488118434298,0.400920991232163,-0.1772230200756885,-0.6494612609666985,1.5419001881032675,1.7307465203425914,0.1287560052657877,1.5661090300799974,2.8071384222727556,2.8329275800480715,2.2644290641376306,2.298703267242136
57,-2.258024843990337,2.3859525405042468,-4.301307351163913,0.7754577428376024,0.005387889824885234,-0.934970564836772,0.14303568585812138,0.8903542599208155,-0.603135967372122,1.2994001723359465,2.7156878564466482,-0.09018162885541955,1.9906184664303512,1.0520138800552976
58,-3.224215208814758,2.90469462529838,-6.89290029575462,1.0669858736781161,0.21915575546646793,-1.144758622996585,-1.4140394853921046,-0.16433440795078347,-1.3705935357000925,0.8697473040564556,2.3012343070944863,-3.1855170465438727,1.511965473891932,-0.3882903892699914
59,-3.957148988960268,3.3605035552011944,-9.129016313466524,1.2671302015717631,0.4526736464950322,-1.2425122994015312,-2.9474101901682106,-1.3174864114882923,-2.150317028005564,0.3016872035869622,1.6186974507761118,-6.132272963151768,0.8915651807104444,-1.874930290790124
60,-4.353923498959284,3.7196601763192874,-10.754295709520434,1.3769695383658735,0.689124881238751,-1.2054706429399291,-4.2677407825725675,-2.4351844619713243,-2.9105601894665254,-0.364114495557115,0.7539157046131707,-8.610190734375193,0.21145254002957586,-3.2463486472828387
61,-4.340149042488754,3.9453561435267,-11.55455350102833,1.4053561174264757,0.9080193317214859,-1.0274788906390397,-5.201877821893329,-3.3809084043738533,-3.610042874563144,-1.0732520848340372,-0.1867709279921316,-10.335939917141024,-0.438082222992492,-4.345886969163037
62,-3.8815613398482354,4.000690991986058,-11.383728666250953,1.3663798896469348,1.0875373399789707,-0.7199806750461805,-5.615415340251814,-4.031812692270175,-4.198575129619802,-1.7616205385780015,-1.0893896276073975,-11.096824322446356,-0.9707704767641573,-5.04138127989972
63,-2.9916505737982377,3.852376514301182,-10.185058921859516,1.2763453392621478,1.2071120638056163,-0.31086787899862683,-5.431182983366149,-4.2937974199543625,-4.61966463153386,-2.3608340227367,-1.8460367400431787,-10.777635502740596,-1.316486031524764,-5.242563902678246
64,-1.7339953914308097,3.4748928745459056,-8.003519361324157,1.1507132985687192,1.249886282473644,0.15865348455730816,-4.641037677312144,-4.1134824545245765,-4.815091397684161,-2.8045705569192334,-2.367683684129907,-9.377124806953095,-1.4314046868926091,-4.9138242339398195
65,-0.2185969344481645,2.8547612836052894,-4.987432545616393,1.0014861332807987,1.204737928275039,0.6388054719128178,-3.309155240054796,-3.485557565443238,-4.73112982550935,-3.0352553470237313,-2.5944814335146553,-7.011707278681804,-1.3046242760778946,-4.080413980349021
66,1.4077414697347956,1.9945108800442206,-1.3783830276654074,0.8354667569530845,1.0676592887506213,1.0770345750226178,-1.5661292550887158,-2.454553685729764,-4.325819675408061,-3.0104247149380083,-2.502307216404519,-3.9055227492215696,-0.9601575485843892,-2.827024235972455
67,2.9761491669830757,0.915842205694338,2.509995551968148,0.653700703948573,0.8423813506365165,1.4241893204783418,0.40556673212996375,-1.1107833657494066,-3.576464874977099,-2.7081139044280613,-2.1048194091088646,-0.36767123881514485,-0.45389153838312685,-1.2886962845510233
68,4.313976128837812,-0.33854126220087527,6.322348145260236,0.45223203628281367,0.5402425835258934,1.6403619530077838,2.3929975907602588,0.4190686783979869,-2.4863952619405763,-2.130677201006957,-1.4508974263261891,3.2409202739651057,0.13413375795619428,0.3649032146141415
69,5.264532234021003,-1.7049203726048496,9.69778899435286,0.22409254132415277,0.17939292757961522,1.6997123238081377,4.178337842582387,1.985564320078912,-1.0899839057849952,-1.306567507307391,-0.6179484990488164,6.547186352675464,0.7110618541761263,1.9498734698122346
70,5.705899056199582,-3.1007280891120326,12.307857180557951,-0.037773015594058566,-0.21651899288879242,1.593699569217733,5.565268030862067,3.4327001984178556,0.5450102476014635,-0.28976784314814225,0.2979212119373025,9.207473490425103,1.1845489460975003,3.2904988149566807
71,5.5664669296262375,-4.429056775165766,13.891815650464025,-0.3371325397210304,-0.6200122578612197,1.3323149570221933,6.4027297392119245,4.614747133813101,2.3185019583517263,0.8432308389920052,1.1935145039346153,10.94598228537295,1.4761449060599652,4.240754614498173
72,4.83519417916735,-5.585399490772822,14.285127231656631,-0.6712563244865033,-1.0016502732925268,0.9431265437462426,6.602921241554945,5.411792711090863,4.102950824770178,1.9987907300885832,1.9704168899395484,11.585501680570012,1.5327565362180147,4.702067325541513
73,3.565200423163629,-6.466219238189745,13.437742582629754,-1.0285150927979634,-1.3320217060528665,0.4681995882907616,6.151206031703382,5.742248936011042,5.752044238835148,3.0734952035332204,2.545686151306831,11.066803193576389,1.334496641648527,4.635003066958595
74,1.870108452746047,-6.978640816541305,11.420069094723768,-1.3873502765933983,-1.5837553240926567,-0.04077727348563964,5.106724382712473,5.570996557277334,7.112730342673944,3.96299687115327,2.8601695135605123,9.45449004396743,0.8977627647885073,4.0633902689238175
75,-0.08657131478740458,-7.050309204809119,8.415981718764595,-1.7169932295747057,-1.733515779866963,-0.5285857573714897,3.5937786001637906,4.91238561378257,8.039674108620884,4.5716595969991545,2.883666358994233,6.92878001097082,0.2731153537450273,3.07041605020085
76,-2.107882624485868,-6.638306414283919,4.703781128654162,-1.980042506562323,-1.763918761369783,-0.9430342373673841,1.7853166779856513,3.827925310915724,8.410800193585116,4.822194365962979,2.6166292098242923,3.7644090487160873,-0.46168101804546813,1.787322234365294
77,-3.9838749242354092,-5.736007586044026,0.6273967396779632,-2.136704315340609,-1.6652722183828474,-1.2411332399205282,-0.11911803471140162,2.4190996010492696,8.142291098451679,4.664425787092304,2.088558396157979,0.29934922007593245,-1.2123609565352285,0.37630731238255516
78,-5.513798028711147,-4.376906637850279,-3.4388024992853796,-2.1502110040787117,-1.4370076392816553,-1.394080138443412,-1.9179234095238502,0.8162676210348702,7.201277910178059,4.0823182236566735,1.3536240633897079,-3.102846229874729,-1.880972078881125,-0.9900259877102736
79,-6.527603037650718,-2.6347406537408613,-7.127607956300847,-1.992701777497927,-1.0886279482946994,-1.390398689070092,-3.431188805592915,-0.8350062166633891,5.6145260279636355,3.0984423397395826,0.4842918867823054,-6.0926473380143555,-2.3788996050830846,-2.1499524174925857
80,-6.904425327508796,-0.6196500325082152,-10.114881323694238,-1.650714634282354,-0.6399827447583495,-1.2368376973932484,-4.520634175714174,-2.3886372671576206,3.4716908834932916,1.775180425062624,-0.43618370981357674,-8.371622612082241,-2.6382502510064714,-2.9719163263981647
81,-6.586088563740398,1.5294318839123169,-12.150039028139403,-1.1294221443924122,-0.12069955331346553,-0.956955809453105,-5.10337396066369,-3.712145146401282,0.9221887599382291,0.21216407773204785,-1.3215871687035174,-9.722976901914606,-2.620084468806547,-3.36949242645121
82,-5.584224979230706,3.655528426239541,-13.078145379831767,-0.4548537474601982,0.43134391465510685,-0.5876526519799595,-5.158094362560633,-4.69879818136744,-1.8346337543747513,-1.460273532832149,-2.0902251623876498,-10.032446859349683,-2.318540422033753,-3.310341143912452
83,-3.9802859297685367,5.596520325537278,-12.851701267597786,0.3264261480539721,0.9725302059705636,-0.17419206993530228,-4.723320306001362,-5.276653442862334,-4.565592637578612,-3.0914612711110996,-2.671583671785161,-9.29764390158063,-1.760549143444638,-2.818323746241187
84,-1.9184439690365067,7.198974432036719,-11.531405738426967,1.1503974199495117,1.456901431065005,0.23554768863217349,-3.8885078212022597,-5.413753020400989,-7.024788382794178,-4.523937083491381,-3.011844217354803,-7.625262327019395,-1.0014828466870043,-1.9688252548042844
85,0.4079067004795363,8.331580906294823,-9.276350907379998,1.9412635506626654,1.8402228504630418,0.5967968398898075,-2.7795824749227793,-5.119163565053788,-8.977791598125988,-5.609063579441614,-3.078062357104957,-5.216877640009609,-0.11760988462058264,-0.8781451812586525
86,2.7747223480638175,8.89691975229398,-6.325155681013646,2.6191982635829274,2.0843605594774273,0.8728510173043036,-1.541144871117732,-4.439970241313431,-10.2263650279238,-6.223173266839586,-2.8608687663676724,-2.3452167538158286,0.8034186652137659,0.311532555335848
87,4.9491372228631665,8.840441084817428,-2.970350389821278,3.1092992625920703,2.161522918910587,1.03868915304825,-0.31782229064480616,-3.45472266741742,-10.630904055982258,-6.282424080925659,-2.3755650360111438,0.6763125163744725,1.6726863899146136,1.4496480098803743
88,6.712414120173447,8.155808882053243,0.4711670353788149,3.350660126398241,2.0578587177755447,1.0829113185080717,0.7628397174756913,-2.2641541114748196,-10.127834113330529,-5.75448313217783,-1.6614869548066533,3.5274581843499035,2.40943441695336,2.3951257875617986
89,7.881771599788094,6.8860997236403705,3.6885913406010475,3.304382581536477,1.7759082626054457,1.0079102065028933,1.6039353589030785,-0.9802373131066846,-8.739635310026742,-4.665355139005554,-0.7795341888108822,5.914722184611548,2.948727587425664,3.032526279473164
90,8.328942420995093,5.1207369088466885,6.405684938152072,2.9594267083537535,1.3354806920230502,0.8284279991154834,2.147801933535612,0.285218506197045,-6.575937028192694,-3.100130331581855,0.19215849814674626,7.601250651263525,3.2466575483411986,3.2847172108235667
91,7.993625584771735,2.988440412920054,8.404733703363842,2.3354347930294326,0.7726853077180874,0.5688418541639814,2.378998914721398,1.431205159343828,-3.825143087295588,-1.1970971426407842,1.1642995026691123,8.430026069415868,3.282789963128802,3.120769600248077
92,6.890475562778597,0.6468421360350016,9.544011562899863,1.4820339573097001,0.1370618943393145,0.25964581464010544,2.321753803154706,2.376279980539364,-0.7371753318277856,0.8645367622406146,2.043976631725009,8.338136362447528,3.0599667989775488,2.558377706061654
93,5.108876341326033,-1.7302876747252927,9.767467752571863,0.4745681794845956,-0.5129958673283282,-0.06635523418645708,2.032654550895329,3.064601444339075,2.4009912245136076,2.8822520687219044,2.743151765886672,7.3608640726612204,2.6019058084941133,1.6607463572498007
94,2.8054195872922807,-3.96706430361131,9.10609478951516,-0.5933321015138999,-1.1160868639447918,-0.37765090813671554,1.5899052559430045,3.468740379887459,5.294426118489586,4.651361302894992,3.187413424835962,5.625409878220624,1.949251626540504,0.5285065514102711
95,0.18969148858055568,-5.899549003335743,7.671180682829289,-1.619525256999701,-1.6142827152150918,-0.6470296762162824,1.0807928660873698,3.5891905383785496,7.670791104062588,5.987356505041953,3.3241301179877953,3.335133606635537,1.1548052965364437,-0.7122574428070525
96,-2.495381675742307,-7.388669630419648,5.64034694325082,-2.504351179571162,-1.959481753237801,-0.8537106457705781,0.5891135685552663,3.450919438939826,9.30891712925248,6.746860328402269,3.129072043450812,0.7461600743806288,0.278599218825806,-1.9244126732153997
97,-4.996826291974741,-8.330957899540119,3.2378817423998414,-3.1615427311021183,-2.1188507715494955,-0.9844777341423101,0.184183908212979,3.097655074395593,10.062153992226833,6.844629011708121,2.6106061091220543,-1.8610368806442872,-0.61667501547674,-2.974962998202015
98,-7.076339760868501,-8.666266323092461,0.7113565924037791,-3.527747658442798,-2.078649274450288,-1.0338355051313202,-0.08725465913451735,2.584845134484119,9.87378925876084,6.264432727485185,1.8107383664592898,-4.211967190850802,-1.4695902267743557,-3.7493557876924175
99,-8.534000531663533,-8.381887615320435,-1.6931701923213591,-3.569508403314341,-1.845912561920947,-1.0033309883909953,-0.2053864427865417,1.972319075891113,8.782717842694,5.0623098760063305,0.8025769577985883,-6.067102615894938,-2.223176369584956,-4.163410836543785
100,-9.228540213832638,-7.512793729623831,-3.7549418910084795,-3.286851009541556,-1.447730826665024,-0.9002773852122897,-0.1776116448703794,1.317620244843295,6.918658794501252,3.3615797146644013,-0.31581134977204917,-7.246407223283441,-2.8274717112817442,-4.171676034108858
101,-9.091999920563861,-6.138023388357441,-5.298967310926915,-2.7130491000730834,-0.928167745183542,-0.7361638855350995,-0.03500734404464965,0.6707729351687486,4.487425714316499,1.3399912491254342,-1.4307303511705762,-7.646840130013961,-3.2416224101099043,-3.7714294573190115
102,-8.137092137102826,-4.373556973511046,-6.211181992123297,-1.9106015955261033,-0.3431725544722246,-0.5250366887417359,0.17431635544624827,0.07094908104246668,1.7479135706903688,-0.7896403751539911,-2.4245177420837836,-7.25105107403939,-3.4357363839849393,-3.0020366645339367
103,-6.456307415327809,-2.362304615364968,-6.446881120876217,-0.9639319289683274,0.2458895215891118,-0.28209141598733195,0.3938628893041985,-0.45484158108476247,-1.0165687552903542,-2.8031279276150953,-3.1883374971212377,-6.1264946933840765,-3.392630617148283,-1.9398854027738548
104,-4.21267995388555,-0.2620738986946365,-6.031714807379825,0.030279583425640827,0.7792733014772744,-0.02263450371154367,0.5680814462191923,-0.8912340599722184,-3.5293242313366995,-4.490172056231499,-3.6346681851700864,-4.415283505630025,-3.1094786512661186,-0.6895965237368016
105,-1.6230620118096954,1.767446929579486,-5.0553383462337225,0.9739338512339623,1.2055627437497873,0.23853408276523,0.6510409644639094,-1.2326058180005506,-5.550068396742006,-5.678167780518007,-3.7079848693230626,-2.3161500768432988,-2.599197622989264,0.627411999719984
106,1.064362734826815,3.577577097029071,-3.658606641916268,1.7781985588075913,1.4872088922759485,0.4873718578877211,0.6132604522644166,-1.4803716404232852,-6.900058071471734,-6.251655038615632,-3.392240971064123,-0.060767199706404144,-1.8912541308384063,1.8856966299115476
107,3.595888825737564,5.0423129003464275,-2.0159021382308224,2.3727658099039157,1.6042221247300048,0.7106210600176225,0.4458235591494725,-1.6400830195977056,-7.479661280907954,-6.165002090883634,-2.7140498101193304,2.1127243214753872,-1.0314647968275052,2.968510280421919
108,5.738545885037733,6.067806084587734,-0.3147067343078765,2.712619436967341,1.555606218034087,0.8958036681606695,0.1613233972344964,-1.7188652386632097,-7.276409999248406,-5.446730815845484,-1.740931359515924,3.9858767631602334,-0.08036525230046257,3.779167380066578
109,7.303829600884395,6.598876557423839,1.2651986026339315,2.7815961069277626,1.3584352669837343,1.0313757499432463,-0.20835464876137816,-1.723578591511964,-6.362759592916235,-4.1949438725757915,-0.5745853748197326,5.382802498033268,0.8901563542633724,4.249949929007738
110,8.166208479823645,6.622051208865377,2.5705411596049523,2.592455702511696,1.044794146422304,1.1071830668967926,-0.6169638071204935,-1.659902338589358,-4.884058166982024,-2.5644535635800594,0.6601973143232479,6.187241395986787,1.8020262988777276,4.347755225841544
111,8.274334601165865,6.164936830638989,3.4893170510498557,2.183631065088463,0.6570823596645108,1.1152689529788438,-1.0107354059898512,-1.532344950280419,-3.0384362230597484,-0.7472827571043535,1.8297595787433198,6.35209265361619,2.577698515870178,4.0760504786838325
112,7.65378684760362,5.292072823004041,3.9600107515681775,1.613239198473162,0.2423767845120036,1.0509700418352275,-1.336098517599,-1.3450150475249567,-1.0513070663324031,1.0509370601236063,2.8072276120556725,5.900633559777215,3.147817885697606,3.4730869252569145
113,6.401226056988332,4.097733472341505,3.974505810638565,0.9512485625300534,-0.15336696866480273,0.9141203053754885,-1.547185248703662,-1.1028684972655989,0.8522053785278781,2.6356249425542035,3.487600263310652,4.919671971845462,3.458943171220098,2.6067001383616923
114,4.670898846366039,2.696426434165162,3.574714619162573,0.2708728157577879,-0.4905269463400883,0.7100978302315094,-1.6121129137598058,-0.8130877487286067,2.473408498056514,3.845812302883698,3.800292107908711,3.545843074002875,3.4802649183504766,1.5663535262722252
115,2.6553466313558443,1.212035665059656,2.843716817133511,-0.3597145842635451,-0.7398263103760834,0.45041635896965787,-1.5172453640497612,-0.4862467922902368,3.661533440564496,4.5717763540211855,3.717436964610812,1.9470452251243628,3.2082535535926486,0.4533418542926467
116,0.5628337089637475,-0.23333720323412058,1.8928262893510712,-0.8843717121948428,-0.8847356175683257,0.15259884348502695,-1.2689346728219613,-0.13696119262640719,4.328073791639271,4.765624851323984,3.256812261404204,0.30151520720420183,2.6683680279835857,-0.6297636426264931
117,-1.405684215437759,-1.5297801828112627,0.8464270769136082,-1.2639526424728575,-0.9221036062158383,-0.16082642441355227,-0.8925884062140034,0.21619121994821658,4.452508153435981,4.443706011554185,2.478979865453407,-1.2227918172413081,1.913327365085963,-1.5892961205362828
118,-3.077305450434085,-2.5882812784156704,-0.1734184947822381,-1.4788299868280204,-0.8611023392355925,-0.46420981841022496,-0.4292528410717504,0.551577311854992,4.079159861308859,3.68085156466284,1.4790459559358022,-2.486039134427284,1.0179410240023001,-2.3492383926335654
119,-4.323328567649177,-3.3469968888359247,-1.0606910364250794,-1.5289049111635833,-0.7207869680418798,-0.7313670984894624,0.06979022308338076,0.8462079926147004,3.30615703296004,2.597571196240222,0.37419885712856726,-3.389582824912861,0.07102528089549448,-2.8576575793936336
120,-5.069198327350659,-3.774606168222121,-1.7359142189336196,-1.4313555996865421,-0.5267227868542573,-0.9385291821983672,0.5496750031826133,1.0780573921068406,2.268480881565889,1.3422393830414343,-0.7112294315632152,-3.883037518115629,-0.8345957846607035,-3.0902375398315702
121,-5.297531619104345,-3.8705967106905756,-2.1524188352592564,-1.216633438698018,-0.30720714240422203,-1.067213255818092,0.95896069899617,1.22870281680023,1.1177780810277866,0.07091187735596642,-1.6611119445795592,-3.964950385103641,-1.6126858001029845,-3.0506692238489737
122,-5.044427219593293,-3.6626537931102843,-2.297995915576792,-0.9233841861952368,-0.08960919198449531,-1.1065599296752064,1.2560593504615059,1.2858888343214712,0.0018712231521189667,-1.0724058103379481,-2.381218161712027,-3.677571678124955,-2.1933616425742652,-2.7680400754923196
123,-4.390096650463515,-3.201619655448737,-2.1922075105339895,-0.59303564076013,0.1027242570440323,-1.054759004834231,1.4142166338963098,1.245574237782885,-0.9532827782141866,-1.9724510888556177,-2.8094887145296203,-3.096961831681634,-2.5307230447127074,-2.291721405991735
124,-3.4454803914539154,-2.5547107808227767,-1.880170285411606,-0.26475406417672,0.2526756938061834,-0.9193344610627413,1.4243759663721272,1.1130531675642428,-1.656999141463008,-2.554362844861263,-2.9216843536466404,-2.3201930215688154,-2.6073570715805676,-1.684528178079786
125,-2.336857835466033,-1.7978048938856426,-1.424000954297296,0.028656699693250822,0.350511222678959,-0.7162426072631779,1.2955588639525355,0.9028616997842955,-2.061273960164812,-2.789142192233875,-2.731891713823966,-1.4516164078091833,-2.4351788160908607,-1.0150737367871416
126,-1.1904999810728125,-1.0076324604973084,-0.8932793806861842,0.2635296137511457,0.39397527972229945,-0.46791864227263785,1.0527627671618023,0.6373750788414164,-2.1617786288954477,-2.692685297450444,-2.288094367739049,-0.590067305311014,-2.0525825386092715,-0.3502508577574892
127,-0.11918201399799262,-0.2546433471048239,-0.3558508283751746,0.426616232624231,0.3874566243218417,-0.20055452661685752,0.732753771572762,0.3442326418184067,-1.9929475518906632,-2.3190564482892757,-1.6636801141902537,0.18147928158427074,-1.518384318441097,0.25133880513769796
